ID,Source_ID,Destination_ID
0,60,138
1,60,172
2,86,64
3,125,54
4,159,170
5,13,150
6,115,1
7,133,70
8,133,69
9,179,42
10,25,28
11,63,96
12,63,145
13,121,171
14,65,177
15,50,109
16,27,142
17,27,20
18,119,68
19,38,77
20,152,120
21,38,131
22,131,97
23,71,26
24,50,28
25,28,129
26,151,47
27,25,153
28,153,118
29,153,118
30,105,110
31,57,4
32,49,59
33,49,106
34,75,164
35,75,164
36,161,139
37,161,139
38,166,44
39,90,19
40,86,109
41,129,168
42,8,150
43,103,70
44,103,23
45,73,26
46,73,26
47,73,98
48,80,160
49,7,18
50,15,141
51,15,114
52,165,88
53,165,58
54,96,150
55,64,100
56,62,122
57,62,31
58,29,143
59,61,70
60,59,135
61,105,135
62,133,85
63,77,146
64,26,81
65,120,137
66,7,145
67,145,113
68,161,117
69,177,100
70,27,175
71,161,45
72,45,37
73,108,140
74,165,130
75,88,91
76,37,4
77,149,158
78,149,94
79,24,16
80,3,155
81,32,4
82,97,19
83,91,126
84,47,67
85,49,67
86,52,35
87,52,46
88,4,106
89,24,141
90,113,6
91,42,11
92,138,33
93,143,17
94,179,150
95,65,79
96,153,174
97,147,43
98,133,19
99,85,19
100,40,83
101,115,142
102,68,146
103,78,104
104,78,36
105,169,172
106,96,172
107,108,134
108,21,102
109,71,164
110,1,34
111,34,167
112,91,58
113,174,51
114,174,100
115,100,72
116,29,16
117,152,17
118,153,35
119,168,5
120,134,140
121,128,95
122,173,48
124,51,178
125,134,30
126,170,93
127,79,93
128,147,93
129,161,18
130,21,53
131,87,53
132,1,153
133,157,160
134,10,100
135,144,158
136,15,2
137,2,114
138,128,114
139,178,137
140,93,43
141,40,14
142,8,46
143,173,46
144,22,84
145,84,92
146,76,70
147,70,156
148,70,132
149,70,132
150,144,66
151,66,158
152,100,72
153,45,158
154,13,48
155,175,39
156,41,136
157,39,9
158,57,126
159,53,6
160,52,69
161,169,44
162,61,116
163,88,54
164,54,55
165,41,23
166,30,98
167,30,98
168,98,81
169,102,33
170,97,156
172,32,87
173,80,56
174,148,56
175,148,56
176,125,94
177,127,94
178,127,94
179,94,123
180,151,104
181,12,176
182,89,162
183,107,162
184,89,162
185,162,176
186,162,104
187,162,110
188,110,176
189,73,176
190,91,176
191,154,176
192,154,176
193,12,176
194,121,104
195,74,104
196,74,104
197,176,104
198,90,146
199,111,146
200,111,146
201,124,81
202,124,81
203,13,99
204,117,99
205,14,36
206,76,112
207,116,112
208,56,171
209,159,95
210,107,83
211,166,136
212,11,136
213,15,20
214,94,155
215,117,5
216,94,5
217,164,92
218,9,122
219,10,3
220,31,101
221,161,82
222,82,163
223,130,55
224,110,106
225,4,163
226,54,123
227,157,22
228,119,167
229,101,167
